--
-- PostgreSQL database dump
--

-- Dumped from database version 12.9 (Ubuntu 12.9-2.pgdg20.04+1)
-- Dumped by pag_dump version 12.9 (Ubuntu 12.9-2.pgdg20.04+1)

SET statement_timeout = 0;
SET lock_timeout = 0;
SET idle_in_transaction_session_timeout = 0;
SET client_encoding = 'UTF8';
SET standard_conforming_strings = on;
SELECT pg_catalog.set_config('search_path', '', false);
SET check_function_bodies = false;
SET xmloption = content;
SET client_min_messages = warning;
SET row_security = off;

DROP DATABASE universe;
--
-- Name: universe; Type: DATABASE; Schema: -; Owner: freecodecamp
--

CREATE DATABASE universe WITH TEMPLATE = template0 ENCODING = 'UTF8' LC_COLLATE = 'C.UTF-8' LC_CTYPE = 'C.UTF-8';


ALTER DATABASE universe OWNER TO freecodecamp;

\connect universe

SET statement_timeout = 0;
SET lock_timeout = 0;
SET idle_in_transaction_session_timeout = 0;
SET client_encoding = 'UTF8';
SET standard_conforming_strings = on;
SELECT pg_catalog.set_config('search_path', '', false);
SET check_function_bodies = false;
SET xmloption = content;
SET client_min_messages = warning;
SET row_security = off;

SET default_tablespace = '';

SET default_table_access_method = heap;

--
-- Name: galaxy; Type: TABLE; Schema: public; Owner: freecodecamp
--

CREATE TABLE public.galaxy (
    galaxy_id integer NOT NULL,
    name character varying(30),
    is_form_spiral boolean NOT NULL,
    is_form_elips boolean NOT NULL,
    is_active boolean
);


ALTER TABLE public.galaxy OWNER TO freecodecamp;

--
-- Name: galaxy_galaxy_id_seq; Type: SEQUENCE; Schema: public; Owner: freecodecamp
--

CREATE SEQUENCE public.galaxy_galaxy_id_seq
    AS integer
    START WITH 1
    INCREMENT BY 1
    NO MINVALUE
    NO MAXVALUE
    CACHE 1;


ALTER TABLE public.galaxy_galaxy_id_seq OWNER TO freecodecamp;

--
-- Name: galaxy_galaxy_id_seq; Type: SEQUENCE OWNED BY; Schema: public; Owner: freecodecamp
--

ALTER SEQUENCE public.galaxy_galaxy_id_seq OWNED BY public.galaxy.galaxy_id;


--
-- Name: moon; Type: TABLE; Schema: public; Owner: freecodecamp
--

CREATE TABLE public.moon (
    moon_id integer NOT NULL,
    name character varying(30),
    planet_id integer NOT NULL,
    moon_color text NOT NULL,
    is_active boolean
);


ALTER TABLE public.moon OWNER TO freecodecamp;

--
-- Name: moon_moon_id_seq; Type: SEQUENCE; Schema: public; Owner: freecodecamp
--

CREATE SEQUENCE public.moon_moon_id_seq
    AS integer
    START WITH 1
    INCREMENT BY 1
    NO MINVALUE
    NO MAXVALUE
    CACHE 1;


ALTER TABLE public.moon_moon_id_seq OWNER TO freecodecamp;

--
-- Name: moon_moon_id_seq; Type: SEQUENCE OWNED BY; Schema: public; Owner: freecodecamp
--

ALTER SEQUENCE public.moon_moon_id_seq OWNED BY public.moon.moon_id;


--
-- Name: mountain; Type: TABLE; Schema: public; Owner: freecodecamp
--

CREATE TABLE public.mountain (
    mountain_id integer NOT NULL,
    planet_id integer NOT NULL,
    height_km numeric(4,2),
    is_active boolean NOT NULL,
    name character varying(30)
);


ALTER TABLE public.mountain OWNER TO freecodecamp;

--
-- Name: mountain_id_seq; Type: SEQUENCE; Schema: public; Owner: freecodecamp
--

CREATE SEQUENCE public.mountain_id_seq
    AS integer
    START WITH 1
    INCREMENT BY 1
    NO MINVALUE
    NO MAXVALUE
    CACHE 1;


ALTER TABLE public.mountain_id_seq OWNER TO freecodecamp;

--
-- Name: mountain_id_seq; Type: SEQUENCE OWNED BY; Schema: public; Owner: freecodecamp
--

ALTER SEQUENCE public.mountain_id_seq OWNED BY public.mountain.mountain_id;


--
-- Name: planet; Type: TABLE; Schema: public; Owner: freecodecamp
--

CREATE TABLE public.planet (
    planet_id integer NOT NULL,
    name character varying(30),
    planet_color character varying(40),
    planet_diameter_km numeric(15,5) NOT NULL,
    star_id integer NOT NULL
);


ALTER TABLE public.planet OWNER TO freecodecamp;

--
-- Name: planet_planet_id_seq; Type: SEQUENCE; Schema: public; Owner: freecodecamp
--

CREATE SEQUENCE public.planet_planet_id_seq
    AS integer
    START WITH 1
    INCREMENT BY 1
    NO MINVALUE
    NO MAXVALUE
    CACHE 1;


ALTER TABLE public.planet_planet_id_seq OWNER TO freecodecamp;

--
-- Name: planet_planet_id_seq; Type: SEQUENCE OWNED BY; Schema: public; Owner: freecodecamp
--

ALTER SEQUENCE public.planet_planet_id_seq OWNED BY public.planet.planet_id;


--
-- Name: star; Type: TABLE; Schema: public; Owner: freecodecamp
--

CREATE TABLE public.star (
    star_id integer NOT NULL,
    name character varying(30),
    galaxy_id integer NOT NULL,
    star_diameter_km numeric(15,5) NOT NULL,
    distance_from_earth integer,
    surface_area_km integer
);


ALTER TABLE public.star OWNER TO freecodecamp;

--
-- Name: star_star_id_seq; Type: SEQUENCE; Schema: public; Owner: freecodecamp
--

CREATE SEQUENCE public.star_star_id_seq
    AS integer
    START WITH 1
    INCREMENT BY 1
    NO MINVALUE
    NO MAXVALUE
    CACHE 1;


ALTER TABLE public.star_star_id_seq OWNER TO freecodecamp;

--
-- Name: star_star_id_seq; Type: SEQUENCE OWNED BY; Schema: public; Owner: freecodecamp
--

ALTER SEQUENCE public.star_star_id_seq OWNED BY public.star.star_id;


--
-- Name: galaxy galaxy_id; Type: DEFAULT; Schema: public; Owner: freecodecamp
--

ALTER TABLE ONLY public.galaxy ALTER COLUMN galaxy_id SET DEFAULT nextval('public.galaxy_galaxy_id_seq'::regclass);


--
-- Name: moon moon_id; Type: DEFAULT; Schema: public; Owner: freecodecamp
--

ALTER TABLE ONLY public.moon ALTER COLUMN moon_id SET DEFAULT nextval('public.moon_moon_id_seq'::regclass);


--
-- Name: mountain mountain_id; Type: DEFAULT; Schema: public; Owner: freecodecamp
--

ALTER TABLE ONLY public.mountain ALTER COLUMN mountain_id SET DEFAULT nextval('public.mountain_id_seq'::regclass);


--
-- Name: planet planet_id; Type: DEFAULT; Schema: public; Owner: freecodecamp
--

ALTER TABLE ONLY public.planet ALTER COLUMN planet_id SET DEFAULT nextval('public.planet_planet_id_seq'::regclass);


--
-- Name: star star_id; Type: DEFAULT; Schema: public; Owner: freecodecamp
--

ALTER TABLE ONLY public.star ALTER COLUMN star_id SET DEFAULT nextval('public.star_star_id_seq'::regclass);


--
-- Data for Name: galaxy; Type: TABLE DATA; Schema: public; Owner: freecodecamp
--

INSERT INTO public.galaxy VALUES (1, 'andromeda', true, false, NULL);
INSERT INTO public.galaxy VALUES (2, 'cart wheel', false, false, NULL);
INSERT INTO public.galaxy VALUES (3, 'bode', true, false, NULL);
INSERT INTO public.galaxy VALUES (4, 'bima sakti', true, false, NULL);
INSERT INTO public.galaxy VALUES (5, 'sombrero', false, false, NULL);
INSERT INTO public.galaxy VALUES (6, 'cerutu', false, false, NULL);


--
-- Data for Name: moon; Type: TABLE DATA; Schema: public; Owner: freecodecamp
--

INSERT INTO public.moon VALUES (1, 'bulan', 1, 'green', NULL);
INSERT INTO public.moon VALUES (2, 'titan', 2, 'blue', NULL);
INSERT INTO public.moon VALUES (3, 'teal', 3, 'brown', NULL);
INSERT INTO public.moon VALUES (4, 'cerberus', 4, 'dark blue', NULL);
INSERT INTO public.moon VALUES (5, 'yellow', 5, 'green', NULL);
INSERT INTO public.moon VALUES (6, 'tini', 6, 'dark red', NULL);
INSERT INTO public.moon VALUES (7, 'pastel', 7, 'salmon', NULL);
INSERT INTO public.moon VALUES (8, 'tata', 8, 'cyan', NULL);
INSERT INTO public.moon VALUES (9, 'bark', 9, 'dark purple', NULL);
INSERT INTO public.moon VALUES (10, 'tone', 10, 'dark orange', NULL);
INSERT INTO public.moon VALUES (11, 'lwo', 11, 'maroon', NULL);
INSERT INTO public.moon VALUES (12, 'ino', 12, 'black mamba', NULL);
INSERT INTO public.moon VALUES (13, 'leute', 1, 'sale', NULL);
INSERT INTO public.moon VALUES (14, 'tantu', 2, 'sudan orange', NULL);
INSERT INTO public.moon VALUES (15, 'bass', 3, 'turkey red', NULL);
INSERT INTO public.moon VALUES (16, 'marko', 4, 'gallein', NULL);
INSERT INTO public.moon VALUES (17, 'iowa', 5, 'anchusin', NULL);
INSERT INTO public.moon VALUES (18, 'bilbo', 6, 'astrablau', NULL);
INSERT INTO public.moon VALUES (19, 'oracle', 7, 'chamomile', NULL);
INSERT INTO public.moon VALUES (20, 'tanhu', 1, 'ata', NULL);


--
-- Data for Name: mountain; Type: TABLE DATA; Schema: public; Owner: freecodecamp
--

INSERT INTO public.mountain VALUES (1, 1, 12.50, true, 'kilimanjaro');
INSERT INTO public.mountain VALUES (2, 2, 45.20, false, 'merapi');
INSERT INTO public.mountain VALUES (3, 3, 46.70, true, 'merbabu');


--
-- Data for Name: planet; Type: TABLE DATA; Schema: public; Owner: freecodecamp
--

INSERT INTO public.planet VALUES (1, 'merkurius', 'grey', 56.30000, 1);
INSERT INTO public.planet VALUES (2, 'kepler-1', 'blue', 45.30000, 2);
INSERT INTO public.planet VALUES (3, 'kepler-3', 'pink', 786.00000, 3);
INSERT INTO public.planet VALUES (4, 'HD-501', 'teal', 87.00000, 4);
INSERT INTO public.planet VALUES (5, 'kepler-33', 'yellow', 85.30000, 5);
INSERT INTO public.planet VALUES (6, 'kepler-52', 'magenta', 28.00000, 3);
INSERT INTO public.planet VALUES (7, 'HD-101', 'salmon', 86.00000, 6);
INSERT INTO public.planet VALUES (8, 'kepler-11', 'white', 75.30000, 2);
INSERT INTO public.planet VALUES (9, 'vaio-2', 'cyan', 97.00000, 6);
INSERT INTO public.planet VALUES (10, 'HD-51', 'green', 56.00000, 4);
INSERT INTO public.planet VALUES (11, 'kepler-45', 'black', 755.00000, 2);
INSERT INTO public.planet VALUES (12, 'vaio-78', 'cyan', 80.00000, 1);


--
-- Data for Name: star; Type: TABLE DATA; Schema: public; Owner: freecodecamp
--

INSERT INTO public.star VALUES (1, 'sirius', 2, 23.50000, 46, 465);
INSERT INTO public.star VALUES (2, 'rigel', 1, 46.60000, 61, 105);
INSERT INTO public.star VALUES (3, 'procyon', 3, 76.10000, 67, 209);
INSERT INTO public.star VALUES (4, 'altair', 4, 34.00000, 78, 79);
INSERT INTO public.star VALUES (5, 'pollux', 5, 50.00000, 48, 654);
INSERT INTO public.star VALUES (6, 'regulus', 6, 37.70000, 103, 22);


--
-- Name: galaxy_galaxy_id_seq; Type: SEQUENCE SET; Schema: public; Owner: freecodecamp
--

SELECT pg_catalog.setval('public.galaxy_galaxy_id_seq', 6, true);


--
-- Name: moon_moon_id_seq; Type: SEQUENCE SET; Schema: public; Owner: freecodecamp
--

SELECT pg_catalog.setval('public.moon_moon_id_seq', 20, true);


--
-- Name: mountain_id_seq; Type: SEQUENCE SET; Schema: public; Owner: freecodecamp
--

SELECT pg_catalog.setval('public.mountain_id_seq', 3, true);


--
-- Name: planet_planet_id_seq; Type: SEQUENCE SET; Schema: public; Owner: freecodecamp
--

SELECT pg_catalog.setval('public.planet_planet_id_seq', 12, true);


--
-- Name: star_star_id_seq; Type: SEQUENCE SET; Schema: public; Owner: freecodecamp
--

SELECT pg_catalog.setval('public.star_star_id_seq', 6, true);


--
-- Name: galaxy galaxy_galaxy_id_key; Type: CONSTRAINT; Schema: public; Owner: freecodecamp
--

ALTER TABLE ONLY public.galaxy
    ADD CONSTRAINT galaxy_galaxy_id_key UNIQUE (galaxy_id);


--
-- Name: galaxy galaxy_pkey; Type: CONSTRAINT; Schema: public; Owner: freecodecamp
--

ALTER TABLE ONLY public.galaxy
    ADD CONSTRAINT galaxy_pkey PRIMARY KEY (galaxy_id);


--
-- Name: moon moon_moon_id_key; Type: CONSTRAINT; Schema: public; Owner: freecodecamp
--

ALTER TABLE ONLY public.moon
    ADD CONSTRAINT moon_moon_id_key UNIQUE (moon_id);


--
-- Name: moon moon_pkey; Type: CONSTRAINT; Schema: public; Owner: freecodecamp
--

ALTER TABLE ONLY public.moon
    ADD CONSTRAINT moon_pkey PRIMARY KEY (moon_id);


--
-- Name: mountain mountain_name_key; Type: CONSTRAINT; Schema: public; Owner: freecodecamp
--

ALTER TABLE ONLY public.mountain
    ADD CONSTRAINT mountain_name_key UNIQUE (name);


--
-- Name: mountain mountain_pkey; Type: CONSTRAINT; Schema: public; Owner: freecodecamp
--

ALTER TABLE ONLY public.mountain
    ADD CONSTRAINT mountain_pkey PRIMARY KEY (mountain_id);


--
-- Name: planet planet_pkey; Type: CONSTRAINT; Schema: public; Owner: freecodecamp
--

ALTER TABLE ONLY public.planet
    ADD CONSTRAINT planet_pkey PRIMARY KEY (planet_id);


--
-- Name: planet planet_planet_id_key; Type: CONSTRAINT; Schema: public; Owner: freecodecamp
--

ALTER TABLE ONLY public.planet
    ADD CONSTRAINT planet_planet_id_key UNIQUE (planet_id);


--
-- Name: star star_pkey; Type: CONSTRAINT; Schema: public; Owner: freecodecamp
--

ALTER TABLE ONLY public.star
    ADD CONSTRAINT star_pkey PRIMARY KEY (star_id);


--
-- Name: star star_star_id_key; Type: CONSTRAINT; Schema: public; Owner: freecodecamp
--

ALTER TABLE ONLY public.star
    ADD CONSTRAINT star_star_id_key UNIQUE (star_id);


--
-- Name: moon moon_planet_id_fkey; Type: FK CONSTRAINT; Schema: public; Owner: freecodecamp
--

ALTER TABLE ONLY public.moon
    ADD CONSTRAINT moon_planet_id_fkey FOREIGN KEY (planet_id) REFERENCES public.planet(planet_id);


--
-- Name: mountain mountain_planet_id_fkey; Type: FK CONSTRAINT; Schema: public; Owner: freecodecamp
--

ALTER TABLE ONLY public.mountain
    ADD CONSTRAINT mountain_planet_id_fkey FOREIGN KEY (planet_id) REFERENCES public.planet(planet_id);


--
-- Name: planet planet_star_id_fkey; Type: FK CONSTRAINT; Schema: public; Owner: freecodecamp
--

ALTER TABLE ONLY public.planet
    ADD CONSTRAINT planet_star_id_fkey FOREIGN KEY (star_id) REFERENCES public.star(star_id);


--
-- Name: star star_galaxy_id_fkey; Type: FK CONSTRAINT; Schema: public; Owner: freecodecamp
--

ALTER TABLE ONLY public.star
    ADD CONSTRAINT star_galaxy_id_fkey FOREIGN KEY (galaxy_id) REFERENCES public.galaxy(galaxy_id);


--
-- PostgreSQL database dump complete
--